aplicacao;usuario;e-mail;senha
teste;testando;tester@teste.com;asdasdasd
Google;usergoogle;google@google.com;123google
Facebook;user123;email@example.com;pass123
INSTA;jdkasj;dhadj;jk
Facebook;userfacebook;emailfacebook@email.com;senhafacebook
Instagram;userinstagram;emailinstagram@email.com;senhainstagram
Twitter;usertwitter;emailtwitter@email.com;senhatwitter
LinkedIn;userlinkedin;emaillinkedin@email.com;senhalinkedin
Snapchat;usersnapchat;emailsnapchat@email.com;senhasnapchat
TikTok;usertiktok;emailtiktok@email.com;senhatiktok
WhatsApp;userwhatsapp;emailwhatsapp@email.com;senhawhatsapp
Reddit;userreddit;emailreddit@email.com;senhaReddit
Telegram;usertelegram;emailtelegram@email.com;senhatelegram
clovis;dhasdkj;ndbaksdh;dmasd
